COUNTY,REGION
ALBANY,Capital
ALBANY,Capital
ALBANY,Capital
ALBANY,Capital
ALBANY,Capital
ALBANY,Capital
ALBANY,Capital
ALBANY,Capital
ALBANY,Capital
ALBANY,Capital
ALBANY,Capital
ALBANY,Capital
ALBANY,Capital
ALBANY,Capital
ALBANY,Capital
ALBANY,Capital
ALBANY,Capital
ALBANY,Capital
ALBANY,Capital
ALLEGANY,Western
ALLEGANY,Western
ALLEGANY,Western
ALLEGANY,Western
ALLEGANY,Western
ALLEGANY,Western
ALLEGANY,Western
ALLEGANY,Western
ALLEGANY,Western
ALLEGANY,Western
ALLEGANY,Western
ALLEGANY,Western
BROOME,Southern Tier
BROOME,Southern Tier
BROOME,Southern Tier
BROOME,Southern Tier
BROOME,Southern Tier
BROOME,Southern Tier
BROOME,Southern Tier
BROOME,Southern Tier
BROOME,Southern Tier
BROOME,Southern Tier
BROOME,Southern Tier
BROOME,Southern Tier
CATTARAUGUS,Western
CATTARAUGUS,Western
CATTARAUGUS,Western
CATTARAUGUS,Western
CATTARAUGUS,Western
CATTARAUGUS,Western
CATTARAUGUS,Western
CATTARAUGUS,Western
CATTARAUGUS,Western
CATTARAUGUS,Western
CATTARAUGUS,Western
CATTARAUGUS,Western
CATTARAUGUS,Western
CAYUGA,Central
CAYUGA,Central
CAYUGA,Central
CAYUGA,Central
CAYUGA,Central
CAYUGA,Central
CAYUGA,Central
CHAUTAUQUA,Western
CHAUTAUQUA,Western
CHAUTAUQUA,Western
CHAUTAUQUA,Western
CHAUTAUQUA,Western
CHAUTAUQUA,Western
CHAUTAUQUA,Western
CHAUTAUQUA,Western
CHAUTAUQUA,Western
CHAUTAUQUA,Western
CHAUTAUQUA,Western
CHAUTAUQUA,Western
CHAUTAUQUA,Western
CHAUTAUQUA,Western
CHAUTAUQUA,Western
CHAUTAUQUA,Western
CHAUTAUQUA,Western
CHAUTAUQUA,Western
CHEMUNG,Southern Tier
CHEMUNG,Southern Tier
CHEMUNG,Southern Tier
CHEMUNG,Southern Tier
CHENANGO,Southern Tier
CHENANGO,Southern Tier
CHENANGO,Southern Tier
CHENANGO,Southern Tier
CHENANGO,Southern Tier
CHENANGO,Southern Tier
CHENANGO,Southern Tier
CHENANGO,Southern Tier
CLINTON,North Country
CLINTON,North Country
CLINTON,North Country
CLINTON,North Country
CLINTON,North Country
CLINTON,North Country
CLINTON,North Country
CLINTON,North Country
COLUMBIA,Capital
COLUMBIA,Capital
COLUMBIA,Capital
COLUMBIA,Capital
COLUMBIA,Capital
COLUMBIA,Capital
CORTLAND,Central
CORTLAND,Central
CORTLAND,Central
CORTLAND,Central
CORTLAND,Central
CORTLAND,Central
DELAWARE,Southern Tier
DELAWARE,Southern Tier
DELAWARE,Southern Tier
DELAWARE,Southern Tier
DELAWARE,Southern Tier
DELAWARE,Southern Tier
DELAWARE,Southern Tier
DELAWARE,Southern Tier
DELAWARE,Southern Tier
DELAWARE,Southern Tier
DELAWARE,Southern Tier
DELAWARE,Southern Tier
DUTCHESS,Hudson Valley
DUTCHESS,Hudson Valley
DUTCHESS,Hudson Valley
DUTCHESS,Hudson Valley
DUTCHESS,Hudson Valley
DUTCHESS,Hudson Valley
DUTCHESS,Hudson Valley
DUTCHESS,Hudson Valley
DUTCHESS,Hudson Valley
DUTCHESS,Hudson Valley
DUTCHESS,Hudson Valley
DUTCHESS,Hudson Valley
DUTCHESS,Hudson Valley
ERIE,Western
ERIE,Western
ERIE,Western
ERIE,Western
ERIE,Western
ERIE,Western
ERIE,Western
ERIE,Western
ERIE,Western
ERIE,Western
ERIE,Western
ERIE,Western
ERIE,Western
ERIE,Western
ERIE,Western
ERIE,Western
ERIE,Western
ERIE,Western
ERIE,Western
ERIE,Western
ERIE,Western
ERIE,Western
ERIE,Western
ERIE,Western
ERIE,Western
ERIE,Western
ERIE,Western
ERIE,Western
ERIE,Western
ERIE,Western
ERIE,Western
ERIE,Western
ERIE,Western
ERIE,Western
ERIE,Western
ERIE,Western
ERIE,Western
ERIE,Western
ERIE,Western
ERIE,Western
ERIE,Western
ERIE,Western
ERIE,Western
ERIE,Western
ERIE,Western
ERIE,Western
ERIE,Western
ERIE,Western
ESSEX,North Country
ESSEX,North Country
ESSEX,North Country
ESSEX,North Country
ESSEX,North Country
ESSEX,North Country
ESSEX,North Country
ESSEX,North Country
ESSEX,North Country
ESSEX,North Country
FRANKLIN,North Country
FRANKLIN,North Country
FRANKLIN,North Country
FRANKLIN,North Country
FRANKLIN,North Country
FRANKLIN,North Country
FRANKLIN,North Country
FULTON,Mohawk
FULTON,Mohawk
FULTON,Mohawk
FULTON,Mohawk
FULTON,Mohawk
FULTON,Mohawk
GENESEE,Finger Lakes
GENESEE,Finger Lakes
GENESEE,Finger Lakes
GENESEE,Finger Lakes
GENESEE,Finger Lakes
GENESEE,Finger Lakes
GENESEE,Finger Lakes
GENESEE,Finger Lakes
GREENE,Capital
GREENE,Capital
GREENE,Capital
GREENE,Capital
GREENE,Capital
GREENE,Capital
HAMILTON,North Country
HAMILTON,North Country
HAMILTON,North Country
HAMILTON,North Country
HERKIMER,Mohawk
HERKIMER,Mohawk
HERKIMER,Mohawk
HERKIMER,Mohawk
HERKIMER,Mohawk
HERKIMER,Mohawk
HERKIMER,Mohawk
HERKIMER,Mohawk
HERKIMER,Mohawk
HERKIMER,Mohawk
JEFFERSON,North Country
JEFFERSON,North Country
JEFFERSON,North Country
JEFFERSON,North Country
JEFFERSON,North Country
JEFFERSON,North Country
JEFFERSON,North Country
JEFFERSON,North Country
JEFFERSON,North Country
JEFFERSON,North Country
JEFFERSON,North Country
LEWIS,North Country
LEWIS,North Country
LEWIS,North Country
LEWIS,North Country
LEWIS,North Country
LIVINGSTON,Finger Lakes
LIVINGSTON,Finger Lakes
LIVINGSTON,Finger Lakes
LIVINGSTON,Finger Lakes
LIVINGSTON,Finger Lakes
LIVINGSTON,Finger Lakes
LIVINGSTON,Finger Lakes
LIVINGSTON,Finger Lakes
MADISON,Central
MADISON,Central
MADISON,Central
MADISON,Central
MADISON,Central
MADISON,Central
MADISON,Central
MADISON,Central
MADISON,Central
MADISON,Central
MONROE,Finger Lakes
MONROE,Finger Lakes
MONROE,Finger Lakes
MONROE,Finger Lakes
MONROE,Finger Lakes
MONROE,Finger Lakes
MONROE,Finger Lakes
MONROE,Finger Lakes
MONROE,Finger Lakes
MONROE,Finger Lakes
MONROE,Finger Lakes
MONROE,Finger Lakes
MONROE,Finger Lakes
MONROE,Finger Lakes
MONROE,Finger Lakes
MONROE,Finger Lakes
MONROE,Finger Lakes
MONROE,Finger Lakes
MONROE,Finger Lakes
MONROE,Finger Lakes
MONROE,Finger Lakes
MONROE,Finger Lakes
MONROE,Finger Lakes
MONROE,Finger Lakes
MONROE,Finger Lakes
MONROE,Finger Lakes
MONROE,Finger Lakes
MONROE,Finger Lakes
MONROE,Finger Lakes
MONROE,Finger Lakes
MONROE,Finger Lakes
MONROE,Finger Lakes
MONTGOMERY,Mohawk
MONTGOMERY,Mohawk
MONTGOMERY,Mohawk
MONTGOMERY,Mohawk
MONTGOMERY,Mohawk
NASSAU,Long Island
NASSAU,Long Island
NASSAU,Long Island
NASSAU,Long Island
NASSAU,Long Island
NASSAU,Long Island
NASSAU,Long Island
NASSAU,Long Island
NASSAU,Long Island
NASSAU,Long Island
NASSAU,Long Island
NASSAU,Long Island
NASSAU,Long Island
NASSAU,Long Island
NASSAU,Long Island
NASSAU,Long Island
NASSAU,Long Island
NASSAU,Long Island
NASSAU,Long Island
NASSAU,Long Island
NASSAU,Long Island
NASSAU,Long Island
NASSAU,Long Island
NASSAU,Long Island
NASSAU,Long Island
NASSAU,Long Island
NASSAU,Long Island
NASSAU,Long Island
NASSAU,Long Island
NASSAU,Long Island
NASSAU,Long Island
NASSAU,Long Island
NASSAU,Long Island
NASSAU,Long Island
NASSAU,Long Island
NASSAU,Long Island
NASSAU,Long Island
NASSAU,Long Island
NASSAU,Long Island
NASSAU,Long Island
NASSAU,Long Island
NASSAU,Long Island
NASSAU,Long Island
NASSAU,Long Island
NASSAU,Long Island
NASSAU,Long Island
NASSAU,Long Island
NASSAU,Long Island
NASSAU,Long Island
NASSAU,Long Island
NASSAU,Long Island
NASSAU,Long Island
NASSAU,Long Island
NASSAU,Long Island
NASSAU,Long Island
NASSAU,Long Island
NASSAU,Long Island
NASSAU,Long Island
NASSAU,Long Island
NASSAU,Long Island
NIAGARA,Western
NIAGARA,Western
NIAGARA,Western
NIAGARA,Western
NIAGARA,Western
NIAGARA,Western
NIAGARA,Western
NIAGARA,Western
NIAGARA,Western
NIAGARA,Western
NIAGARA,Western
ONEIDA,Mohawk
ONEIDA,Mohawk
ONEIDA,Mohawk
ONEIDA,Mohawk
ONEIDA,Mohawk
ONEIDA,Mohawk
ONEIDA,Mohawk
ONEIDA,Mohawk
ONEIDA,Mohawk
ONEIDA,Mohawk
ONEIDA,Mohawk
ONEIDA,Mohawk
ONEIDA,Mohawk
ONEIDA,Mohawk
ONEIDA,Mohawk
ONEIDA,Mohawk
ONONDAGA,Central
ONONDAGA,Central
ONONDAGA,Central
ONONDAGA,Central
ONONDAGA,Central
ONONDAGA,Central
ONONDAGA,Central
ONONDAGA,Central
ONONDAGA,Central
ONONDAGA,Central
ONONDAGA,Central
ONONDAGA,Central
ONONDAGA,Central
ONONDAGA,Central
ONONDAGA,Central
ONONDAGA,Central
ONONDAGA,Central
ONONDAGA,Central
ONONDAGA,Central
ONONDAGA,Central
ONONDAGA,Central
ONONDAGA,Central
ONTARIO,Finger Lakes
ONTARIO,Finger Lakes
ONTARIO,Finger Lakes
ONTARIO,Finger Lakes
ONTARIO,Finger Lakes
ONTARIO,Finger Lakes
ONTARIO,Finger Lakes
ONTARIO,Finger Lakes
ONTARIO,Finger Lakes
ORANGE,Hudson Valley
ORANGE,Hudson Valley
ORANGE,Hudson Valley
ORANGE,Hudson Valley
ORANGE,Hudson Valley
ORANGE,Hudson Valley
ORANGE,Hudson Valley
ORANGE,Hudson Valley
ORANGE,Hudson Valley
ORANGE,Hudson Valley
ORANGE,Hudson Valley
ORANGE,Hudson Valley
ORANGE,Hudson Valley
ORANGE,Hudson Valley
ORANGE,Hudson Valley
ORANGE,Hudson Valley
ORANGE,Hudson Valley
ORLEANS,Finger Lakes
ORLEANS,Finger Lakes
ORLEANS,Finger Lakes
ORLEANS,Finger Lakes
ORLEANS,Finger Lakes
OSWEGO,Central
OSWEGO,Central
OSWEGO,Central
OSWEGO,Central
OSWEGO,Central
OSWEGO,Central
OSWEGO,Central
OSWEGO,Central
OSWEGO,Central
OTSEGO,Mohawk
OTSEGO,Mohawk
OTSEGO,Mohawk
OTSEGO,Mohawk
OTSEGO,Mohawk
OTSEGO,Mohawk
OTSEGO,Mohawk
OTSEGO,Mohawk
OTSEGO,Mohawk
OTSEGO,Mohawk
OTSEGO,Mohawk
OTSEGO,Mohawk
PUTNAM,Hudson Valley
PUTNAM,Hudson Valley
PUTNAM,Hudson Valley
PUTNAM,Hudson Valley
PUTNAM,Hudson Valley
PUTNAM,Hudson Valley
RENSSELAER,Capital
RENSSELAER,Capital
RENSSELAER,Capital
RENSSELAER,Capital
RENSSELAER,Capital
RENSSELAER,Capital
RENSSELAER,Capital
RENSSELAER,Capital
RENSSELAER,Capital
RENSSELAER,Capital
RENSSELAER,Capital
RENSSELAER,Capital
RENSSELAER,Capital
ROCKLAND,Hudson Valley
ROCKLAND,Hudson Valley
ROCKLAND,Hudson Valley
ROCKLAND,Hudson Valley
ROCKLAND,Hudson Valley
ROCKLAND,Hudson Valley
ROCKLAND,Hudson Valley
ROCKLAND,Hudson Valley
SAINT LAWRENCE,North Country
SAINT LAWRENCE,North Country
SAINT LAWRENCE,North Country
SAINT LAWRENCE,North Country
SAINT LAWRENCE,North Country
SAINT LAWRENCE,North Country
SAINT LAWRENCE,North Country
SAINT LAWRENCE,North Country
SAINT LAWRENCE,North Country
SAINT LAWRENCE,North Country
SAINT LAWRENCE,North Country
SAINT LAWRENCE,North Country
SAINT LAWRENCE,North Country
SAINT LAWRENCE,North Country
SAINT LAWRENCE,North Country
SAINT LAWRENCE,North Country
SAINT LAWRENCE,North Country
SARATOGA,Capital
SARATOGA,Capital
SARATOGA,Capital
SARATOGA,Capital
SARATOGA,Capital
SARATOGA,Capital
SARATOGA,Capital
SARATOGA,Capital
SARATOGA,Capital
SARATOGA,Capital
SARATOGA,Capital
SARATOGA,Capital
SCHENECTADY,Capital
SCHENECTADY,Capital
SCHENECTADY,Capital
SCHENECTADY,Capital
SCHENECTADY,Capital
SCHENECTADY,Capital
SCHOHARIE,Mohawk
SCHOHARIE,Mohawk
SCHOHARIE,Mohawk
SCHOHARIE,Mohawk
SCHOHARIE,Mohawk
SCHOHARIE,Mohawk
SCHUYLER,Southern Tier
SCHUYLER,Southern Tier
SENECA,Finger Lakes
SENECA,Finger Lakes
SENECA,Finger Lakes
SENECA,Finger Lakes
STEUBEN,Southern Tier
STEUBEN,Southern Tier
STEUBEN,Southern Tier
STEUBEN,Southern Tier
STEUBEN,Southern Tier
STEUBEN,Southern Tier
STEUBEN,Southern Tier
STEUBEN,Southern Tier
STEUBEN,Southern Tier
STEUBEN,Southern Tier
STEUBEN,Southern Tier
STEUBEN,Southern Tier
STEUBEN,Southern Tier
SUFFOLK,Long Island
SUFFOLK,Long Island
SUFFOLK,Long Island
SUFFOLK,Long Island
SUFFOLK,Long Island
SUFFOLK,Long Island
SUFFOLK,Long Island
SUFFOLK,Long Island
SUFFOLK,Long Island
SUFFOLK,Long Island
SUFFOLK,Long Island
SUFFOLK,Long Island
SUFFOLK,Long Island
SUFFOLK,Long Island
SUFFOLK,Long Island
SUFFOLK,Long Island
SUFFOLK,Long Island
SUFFOLK,Long Island
SUFFOLK,Long Island
SUFFOLK,Long Island
SUFFOLK,Long Island
SUFFOLK,Long Island
SUFFOLK,Long Island
SUFFOLK,Long Island
SUFFOLK,Long Island
SUFFOLK,Long Island
SUFFOLK,Long Island
SUFFOLK,Long Island
SUFFOLK,Long Island
SUFFOLK,Long Island
SUFFOLK,Long Island
SUFFOLK,Long Island
SUFFOLK,Long Island
SUFFOLK,Long Island
SUFFOLK,Long Island
SUFFOLK,Long Island
SUFFOLK,Long Island
SUFFOLK,Long Island
SUFFOLK,Long Island
SUFFOLK,Long Island
SUFFOLK,Long Island
SUFFOLK,Long Island
SUFFOLK,Long Island
SUFFOLK,Long Island
SUFFOLK,Long Island
SUFFOLK,Long Island
SUFFOLK,Long Island
SUFFOLK,Long Island
SUFFOLK,Long Island
SUFFOLK,Long Island
SUFFOLK,Long Island
SUFFOLK,Long Island
SUFFOLK,Long Island
SUFFOLK,Long Island
SUFFOLK,Long Island
SUFFOLK,Long Island
SUFFOLK,Long Island
SUFFOLK,Long Island
SUFFOLK,Long Island
SUFFOLK,Long Island
SUFFOLK,Long Island
SUFFOLK,Long Island
SUFFOLK,Long Island
SUFFOLK,Long Island
SUFFOLK,Long Island
SUFFOLK,Long Island
SUFFOLK,Long Island
SUFFOLK,Long Island
SUFFOLK,Long Island
SUFFOLK,Long Island
SULLIVAN,Hudson Valley
SULLIVAN,Hudson Valley
SULLIVAN,Hudson Valley
SULLIVAN,Hudson Valley
SULLIVAN,Hudson Valley
SULLIVAN,Hudson Valley
SULLIVAN,Hudson Valley
SULLIVAN,Hudson Valley
TIOGA,Southern Tier
TIOGA,Southern Tier
TIOGA,Southern Tier
TIOGA,Southern Tier
TIOGA,Southern Tier
TIOGA,Southern Tier
TOMPKINS,Southern Tier
TOMPKINS,Southern Tier
TOMPKINS,Southern Tier
TOMPKINS,Southern Tier
TOMPKINS,Southern Tier
TOMPKINS,Southern Tier
TOMPKINS,Southern Tier
TOMPKINS,Southern Tier
ULSTER,Hudson Valley
ULSTER,Hudson Valley
ULSTER,Hudson Valley
ULSTER,Hudson Valley
ULSTER,Hudson Valley
ULSTER,Hudson Valley
ULSTER,Hudson Valley
ULSTER,Hudson Valley
ULSTER,Hudson Valley
WARREN,Capital
WARREN,Capital
WARREN,Capital
WARREN,Capital
WARREN,Capital
WARREN,Capital
WARREN,Capital
WARREN,Capital
WARREN,Capital
WASHINGTON,Capital
WASHINGTON,Capital
WASHINGTON,Capital
WASHINGTON,Capital
WASHINGTON,Capital
WASHINGTON,Capital
WASHINGTON,Capital
WASHINGTON,Capital
WASHINGTON,Capital
WASHINGTON,Capital
WASHINGTON,Capital
WAYNE,Finger Lakes
WAYNE,Finger Lakes
WAYNE,Finger Lakes
WAYNE,Finger Lakes
WAYNE,Finger Lakes
WAYNE,Finger Lakes
WAYNE,Finger Lakes
WAYNE,Finger Lakes
WAYNE,Finger Lakes
WAYNE,Finger Lakes
WAYNE,Finger Lakes
WESTCHESTER,Hudson Valley
WESTCHESTER,Hudson Valley
WESTCHESTER,Hudson Valley
WESTCHESTER,Hudson Valley
WESTCHESTER,Hudson Valley
WESTCHESTER,Hudson Valley
WESTCHESTER,Hudson Valley
WESTCHESTER,Hudson Valley
WESTCHESTER,Hudson Valley
WESTCHESTER,Hudson Valley
WESTCHESTER,Hudson Valley
WESTCHESTER,Hudson Valley
WESTCHESTER,Hudson Valley
WESTCHESTER,Hudson Valley
WESTCHESTER,Hudson Valley
WESTCHESTER,Hudson Valley
WESTCHESTER,Hudson Valley
WESTCHESTER,Hudson Valley
WESTCHESTER,Hudson Valley
WESTCHESTER,Hudson Valley
WESTCHESTER,Hudson Valley
WESTCHESTER,Hudson Valley
WESTCHESTER,Hudson Valley
WESTCHESTER,Hudson Valley
WESTCHESTER,Hudson Valley
WESTCHESTER,Hudson Valley
WESTCHESTER,Hudson Valley
WESTCHESTER,Hudson Valley
WESTCHESTER,Hudson Valley
WESTCHESTER,Hudson Valley
WESTCHESTER,Hudson Valley
WESTCHESTER,Hudson Valley
WESTCHESTER,Hudson Valley
WESTCHESTER,Hudson Valley
WESTCHESTER,Hudson Valley
WESTCHESTER,Hudson Valley
WESTCHESTER,Hudson Valley
WESTCHESTER,Hudson Valley
WESTCHESTER,Hudson Valley
WESTCHESTER,Hudson Valley
WESTCHESTER,Hudson Valley
WESTCHESTER,Hudson Valley
WESTCHESTER,Hudson Valley
WESTCHESTER,Hudson Valley
WESTCHESTER,Hudson Valley
WESTCHESTER,Hudson Valley
WESTCHESTER,Hudson Valley
WESTCHESTER,Hudson Valley
WYOMING,Finger Lakes
WYOMING,Finger Lakes
WYOMING,Finger Lakes
WYOMING,Finger Lakes
WYOMING,Finger Lakes
YATES,Finger Lakes
YATES,Finger Lakes
NEW YORK,New York City
NEW YORK,New York City
NEW YORK,New York City
NEW YORK,New York City
NEW YORK,New York City
NEW YORK,New York City
NEW YORK,New York City
NEW YORK,New York City
NEW YORK,New York City
NEW YORK,New York City
NEW YORK,New York City
NEW YORK,New York City
NEW YORK,New York City
NEW YORK,New York City
NEW YORK,New York City
NEW YORK,New York City
NEW YORK,New York City
NEW YORK,New York City
NEW YORK,New York City
NEW YORK,New York City
NEW YORK,New York City
NEW YORK,New York City
NEW YORK,New York City
NEW YORK,New York City
NEW YORK,New York City
NEW YORK,New York City
NEW YORK,New York City
NEW YORK,New York City
NEW YORK,New York City
NEW YORK,New York City
NEW YORK,New York City
NEW YORK,New York City
NEW YORK,New York City
NEW YORK,New York City
NEW YORK,New York City
NEW YORK,New York City
NEW YORK,New York City
NEW YORK,New York City
NEW YORK,New York City
NEW YORK,New York City
NEW YORK,New York City
NEW YORK,New York City
NEW YORK,New York City
NEW YORK,New York City
NEW YORK,New York City
NEW YORK,New York City
NEW YORK,New York City
NEW YORK,New York City
NEW YORK,New York City
NEW YORK,New York City
NEW YORK,New York City
NEW YORK,New York City
NEW YORK,New York City
NEW YORK,New York City
NEW YORK,New York City
NEW YORK,New York City
NEW YORK,New York City
NEW YORK,New York City
NEW YORK,New York City
NEW YORK,New York City
BRONX,New York City
BRONX,New York City
BRONX,New York City
BRONX,New York City
BRONX,New York City
BRONX,New York City
BRONX,New York City
BRONX,New York City
BRONX,New York City
BRONX,New York City
BRONX,New York City
BRONX,New York City
BRONX,New York City
BRONX,New York City
BRONX,New York City
BRONX,New York City
BRONX,New York City
BRONX,New York City
BRONX,New York City
BRONX,New York City
BRONX,New York City
BRONX,New York City
BRONX,New York City
BRONX,New York City
BRONX,New York City
BRONX,New York City
BRONX,New York City
BRONX,New York City
BRONX,New York City
BRONX,New York City
BRONX,New York City
BRONX,New York City
BRONX,New York City
BRONX,New York City
BRONX,New York City
BRONX,New York City
BRONX,New York City
BRONX,New York City
BRONX,New York City
BRONX,New York City
BRONX,New York City
BRONX,New York City
BRONX,New York City
BRONX,New York City
BRONX,New York City
BRONX,New York City
BRONX,New York City
BRONX,New York City
BRONX,New York City
BRONX,New York City
BRONX,New York City
BRONX,New York City
BRONX,New York City
BRONX,New York City
BRONX,New York City
BRONX,New York City
BRONX,New York City
BRONX,New York City
BRONX,New York City
BRONX,New York City
BRONX,New York City
BRONX,New York City
BRONX,New York City
BRONX,New York City
BRONX,New York City
BRONX,New York City
BRONX,New York City
BRONX,New York City
BRONX,New York City
BRONX,New York City
BRONX,New York City
BRONX,New York City
BRONX,New York City
BRONX,New York City
BRONX,New York City
BRONX,New York City
BRONX,New York City
BRONX,New York City
BRONX,New York City
BRONX,New York City
BRONX,New York City
BRONX,New York City
BRONX,New York City
BRONX,New York City
BRONX,New York City
BRONX,New York City
BRONX,New York City
BRONX,New York City
BRONX,New York City
BRONX,New York City
BRONX,New York City
BRONX,New York City
BRONX,New York City
BRONX,New York City
BRONX,New York City
KINGS,New York City
KINGS,New York City
KINGS,New York City
KINGS,New York City
KINGS,New York City
KINGS,New York City
KINGS,New York City
KINGS,New York City
KINGS,New York City
KINGS,New York City
KINGS,New York City
KINGS,New York City
KINGS,New York City
KINGS,New York City
KINGS,New York City
KINGS,New York City
KINGS,New York City
KINGS,New York City
KINGS,New York City
KINGS,New York City
KINGS,New York City
KINGS,New York City
KINGS,New York City
KINGS,New York City
KINGS,New York City
KINGS,New York City
KINGS,New York City
KINGS,New York City
KINGS,New York City
KINGS,New York City
KINGS,New York City
KINGS,New York City
KINGS,New York City
KINGS,New York City
KINGS,New York City
KINGS,New York City
KINGS,New York City
KINGS,New York City
KINGS,New York City
KINGS,New York City
KINGS,New York City
KINGS,New York City
KINGS,New York City
KINGS,New York City
KINGS,New York City
KINGS,New York City
KINGS,New York City
KINGS,New York City
KINGS,New York City
KINGS,New York City
KINGS,New York City
KINGS,New York City
KINGS,New York City
KINGS,New York City
KINGS,New York City
KINGS,New York City
KINGS,New York City
KINGS,New York City
KINGS,New York City
KINGS,New York City
KINGS,New York City
KINGS,New York City
KINGS,New York City
KINGS,New York City
KINGS,New York City
KINGS,New York City
KINGS,New York City
KINGS,New York City
KINGS,New York City
KINGS,New York City
KINGS,New York City
KINGS,New York City
KINGS,New York City
KINGS,New York City
KINGS,New York City
KINGS,New York City
KINGS,New York City
KINGS,New York City
KINGS,New York City
KINGS,New York City
KINGS,New York City
KINGS,New York City
KINGS,New York City
KINGS,New York City
KINGS,New York City
KINGS,New York City
KINGS,New York City
KINGS,New York City
KINGS,New York City
KINGS,New York City
KINGS,New York City
KINGS,New York City
KINGS,New York City
KINGS,New York City
KINGS,New York City
KINGS,New York City
KINGS,New York City
KINGS,New York City
KINGS,New York City
KINGS,New York City
KINGS,New York City
KINGS,New York City
KINGS,New York City
KINGS,New York City
KINGS,New York City
QUEENS,New York City
QUEENS,New York City
QUEENS,New York City
QUEENS,New York City
QUEENS,New York City
QUEENS,New York City
QUEENS,New York City
QUEENS,New York City
QUEENS,New York City
QUEENS,New York City
QUEENS,New York City
QUEENS,New York City
QUEENS,New York City
QUEENS,New York City
QUEENS,New York City
QUEENS,New York City
QUEENS,New York City
QUEENS,New York City
QUEENS,New York City
QUEENS,New York City
QUEENS,New York City
QUEENS,New York City
QUEENS,New York City
QUEENS,New York City
QUEENS,New York City
QUEENS,New York City
QUEENS,New York City
QUEENS,New York City
QUEENS,New York City
QUEENS,New York City
QUEENS,New York City
QUEENS,New York City
RICHMOND,New York City
RICHMOND,New York City
RICHMOND,New York City
RICHMOND,New York City
RICHMOND,New York City
RICHMOND,New York City
RICHMOND,New York City
